Use db_mspr;

INSERT INTO T_Instance(Num_serie,Version_OS,Script_installe,Etat,Date_peremption) VALUES ('EF0C4B81-D326-42F0-9B90-888CC5C917F8','V1','Script2.3','Bon',17/04/2025),('EF0C4B81-D326-42F0-9B90-888CC5C917F9','V3','Script2.3','Bon',17/04/2050),('EF0C4B81-D326-43F0-9B90-888CC5C917F8','V1','Script4.3','Bon',17/04/2065),('EF0C4B81-G326-42F0-9B90-888CC5C917F8','V3','Script8.3','Bon',17/04/2075);
INSERT INTO T_Client(Id_Client,Nom,Prenom,Adresse,Siret,Contact_principal) VALUES ('Client1-1', 'Nom1', 'Prenom1', 'Adresse1', 'Final', 55327987900672, '0695271613'),('Client1-2', 'Nom2', 'Prenom3', 'Adresse1', 'Final',  55327987900673, '0695271623'), ('Client1-2', 'Nom2', 'Prenom3', 'Adresse1', 'Final',55327987900674, '0695271615');
INSERT INTO T_Prestataire (Id_Prestataire,Nom_Presta, Adresse, Siret, Contact_principal) VALUES('EF0C4B81','Presta1', 'Adresse1', 123456789, 'Contact1'),('EF0C4B82','Presta2', 'Adresse2', 223456789, 'Contact2'),('EF0C4B83','Presta3', 'Adresse3', 323456789, 'Contact3'),('EF0C4B84','Presta4', 'Adresse4', 423456789, 'Contact4'),('EF0C4B85','Presta5', 'Adresse5', 523456789, 'Contact5'),('EF0C4B86','NFL IT', 'Adresse6', 623456789, 'Contact6');
INSERT INTO T_Technicien(Id_Technicien,Nom,Prenom,Role) VALUES ('Technicien-D321','NomTechnicien1','PrenomTechnicien1',''),('Technicien-D322','NomTechnicien2','PrenomTechnicien2',''),('Technicien-D323','NomTechnicien3','PrenomTechnicien3',''),('Technicien-D324','NomTechnicien4','PrenomTechnicien4',''),('Technicien-D325','NomTechnicien5','PrenomTechnicien5','');
INSERT INTO T_Evenement(Id_Evenement,Date_Evenement,Type_Evenement,Description) VALUES ('Evenement-42F0',08/05/2023,'Présentation',''),('Evenement-42F1',08/06/2023,'Présentation',''),('Evenement-42F2',08/07/2023,'Présentation',''),('Evenement-42F3',18/03/2024,'Présentation','') ;
INSERT INTO T_Historique_Demarrage(Date_Redemarrage,) VALUES (08/06/2023),(08/06/2024),(08/07/2024),(08/06/2024),(08/06/2024);
--- Cas d'insertion d'une table ayant une clé secondaire
INSERT INTO T_Licence(Id_Licence,Id_INSTANCE,Date_Debut,Date_Fin,Etat) VALUES ('Licence-888CC5C917F8','EF0C4B81-D326-42F0-9B90-888CC5C917F8',08/06/2023,17/04/2025,'Stable'), ('Licence-888CC5C917G8','EF0C4B81-D326-42F0-9B90-888CC5C917F8',08/06/2024,17/04/2023,'Développement');
--- Cas des insert entre table à cardinalité multiple
INSERT INTO T_Avoir(Id_Instance,Id,Id_Evenement,Date_Fin) VALUES ('EF0C4B81-D326-42F0-9B90-888CC5C917F8','Evenement-42F0',08/06/2023),('EF0C4B81-D326-42F0-9B90-888CC5C917F8','Evenement-42F1',08/07/2023) ;
INSERT INTO T_Realiser_Redemarrage (Id_Historique,Id_INSTANCE,Raison) VALUES (1,'EF0C4B81-D326-42F0-9B90-888CC5C917F8','Interruption du service mysql'),(2,'EF0C4B81-D326-42F0-9B90-888CC5C917F8','Interruption du service corosync'),(3,'EF0C4B81-D326-42F0-9B90-888CC5C917F8','Interruption de toutes les services');
INSERT INTO T_Intervenir (Id_Instance,Technicien,Motif_Tntervention,Date_Intervention) VALUES ('EF0C4B81-D326-42F0-9B90-888CC5C917F8','Technicien-D321','Panne réseau',08/06/2024),('EF0C4B81-D326-42F0-9B90-888CC5C917F9','Technicien-D321','Monté de version',08/06/2024),('EF0C4B81-D326-42F0-9B90-888CC5C917F8','Technicien-D324','Panne réseau',08/06/2024);
INSERT INTO T_Affecter (Client,Technicien,Date_Affectation,Id_Prestataire) VALUES ('Client1-1','Technicien-D321',08/06/2024,'EF0C4B81'),('Client1-1','Technicien-D322',08/06/2024,'EF0C4B81');
INSERT INTO T_Deployer (Ip_Deploiement,Id_Instance,Id_Client,Date_Deploiement,Id_Prestataire) VALUES ('192.168.0.30','EF0C4B81-D326-42F0-9B90-888CC5C917F8','Client1-1',05/01/2023,'EF0C4B81'),('80.168.20.30','EF0C4B81-D326-42F0-9B90-888CC5C917F8','Client1-2',05/01/2023,'EF0C4B81');
